session_id,operator_id,task_type,session_duration_seconds,network_latency_ms,interventions_count,success_flag,operator_hourly_rate
SES_00001,OP_004,Part Insertion,1663,174,1,False,31.07
SES_00002,OP_010,Bin Picking,1062,103,4,True,27.86
SES_00003,OP_014,Cable Routing,1280,75,6,False,32.7
SES_00004,OP_013,Bin Picking,1199,66,5,True,30.37
SES_00005,OP_009,Part Insertion,2013,53,4,True,23.67
SES_00006,OP_020,Assembly,1825,135,1,True,30.21
SES_00007,OP_009,Part Insertion,2271,205,3,True,23.67
SES_00008,OP_016,Part Insertion,1985,60,3,True,24.95
SES_00009,OP_014,Part Insertion,1685,34,8,True,32.7
SES_00010,OP_009,Tray Loading,1967,69,6,True,23.67
SES_00011,OP_002,Part Insertion,853,64,1,True,27.71
SES_00012,OP_014,Bin Picking,2362,41,3,False,32.7
SES_00013,OP_009,Cable Routing,2948,100,5,False,23.67
SES_00014,OP_017,Cable Routing,664,186,2,False,29.21
SES_00015,OP_003,Assembly,2578,185,0,False,33.16
SES_00016,OP_020,Assembly,712,103,6,False,30.21
SES_00017,OP_004,Bin Picking,734,34,5,True,31.07
SES_00018,OP_007,Part Insertion,1720,91,3,False,31.89
SES_00019,OP_018,Bin Picking,1137,38,4,True,22.83
SES_00020,OP_004,Assembly,995,20,2,True,31.07
SES_00021,OP_018,Tray Loading,2746,181,3,False,22.83
SES_00022,OP_011,Part Insertion,3466,46,1,False,26.82
SES_00023,OP_017,Bin Picking,1021,110,5,True,29.21
SES_00024,OP_006,Tray Loading,2990,57,3,True,34.68
SES_00025,OP_019,Cable Routing,2555,121,4,True,32.76
SES_00026,OP_010,Cable Routing,1038,141,3,True,27.86
SES_00027,OP_010,Bin Picking,663,65,3,True,27.86
SES_00028,OP_020,Cable Routing,3225,193,2,False,30.21
SES_00029,OP_019,Cable Routing,747,65,2,False,32.76
SES_00030,OP_014,Bin Picking,3130,136,6,False,32.7
SES_00031,OP_017,Cable Routing,1755,66,3,True,29.21
SES_00032,OP_011,Assembly,1582,39,7,False,26.82
SES_00033,OP_012,Cable Routing,2498,80,3,False,34.05
SES_00034,OP_013,Bin Picking,2777,29,7,True,30.37
SES_00035,OP_002,Bin Picking,2448,83,2,True,27.71
SES_00036,OP_019,Part Insertion,2076,48,1,True,32.76
SES_00037,OP_010,Part Insertion,1855,213,5,True,27.86
SES_00038,OP_020,Bin Picking,3408,57,9,False,30.21
SES_00039,OP_018,Part Insertion,965,51,0,True,22.83
SES_00040,OP_015,Tray Loading,1486,44,6,False,27.76
SES_00041,OP_001,Bin Picking,3597,63,0,False,32.06
SES_00042,OP_018,Bin Picking,1322,64,3,True,22.83
SES_00043,OP_004,Bin Picking,2417,121,1,True,31.07
SES_00044,OP_020,Tray Loading,2916,87,1,True,30.21
SES_00045,OP_014,Cable Routing,2835,43,3,False,32.7
SES_00046,OP_011,Tray Loading,2434,39,3,True,26.82
SES_00047,OP_016,Bin Picking,3540,69,4,True,24.95
SES_00048,OP_011,Part Insertion,2547,195,3,True,26.82
SES_00049,OP_019,Assembly,1514,67,4,True,32.76
SES_00050,OP_019,Bin Picking,1855,82,7,True,32.76
SES_00051,OP_011,Part Insertion,1681,89,8,True,26.82
SES_00052,OP_018,Tray Loading,766,69,3,False,22.83
SES_00053,OP_015,Tray Loading,1716,46,5,False,27.76
SES_00054,OP_003,Part Insertion,1763,58,0,True,33.16
SES_00055,OP_010,Bin Picking,1097,245,5,True,27.86
SES_00056,OP_017,Part Insertion,1901,53,2,True,29.21
SES_00057,OP_004,Assembly,2070,20,0,True,31.07
SES_00058,OP_017,Tray Loading,2512,55,2,True,29.21
SES_00059,OP_018,Assembly,3133,66,7,True,22.83
SES_00060,OP_001,Assembly,3352,45,1,True,32.06
SES_00061,OP_013,Tray Loading,1944,31,0,True,30.37
SES_00062,OP_004,Part Insertion,2501,233,5,False,31.07
SES_00063,OP_002,Bin Picking,2797,43,3,True,27.71
SES_00064,OP_020,Part Insertion,1639,34,7,False,30.21
SES_00065,OP_011,Tray Loading,3374,198,1,True,26.82
SES_00066,OP_019,Part Insertion,2739,148,3,False,32.76
SES_00067,OP_005,Tray Loading,613,48,0,True,23.22
SES_00068,OP_014,Tray Loading,2614,20,5,False,32.7
SES_00069,OP_018,Bin Picking,854,30,4,True,22.83
SES_00070,OP_004,Tray Loading,2702,63,2,True,31.07
SES_00071,OP_002,Bin Picking,1205,43,1,True,27.71
SES_00072,OP_018,Tray Loading,2855,53,6,False,22.83
SES_00073,OP_001,Assembly,1324,67,2,True,32.06
SES_00074,OP_012,Part Insertion,1915,85,6,False,34.05
SES_00075,OP_007,Tray Loading,2138,79,2,True,31.89
SES_00076,OP_012,Bin Picking,1965,82,1,True,34.05
SES_00077,OP_016,Bin Picking,2694,71,2,True,24.95
SES_00078,OP_009,Tray Loading,603,36,5,True,23.67
SES_00079,OP_019,Cable Routing,2649,66,3,True,32.76
SES_00080,OP_013,Bin Picking,1014,186,1,True,30.37
SES_00081,OP_015,Part Insertion,1324,40,1,False,27.76
SES_00082,OP_011,Part Insertion,1088,144,7,False,26.82
SES_00083,OP_003,Part Insertion,1249,75,0,True,33.16
SES_00084,OP_015,Assembly,657,34,5,True,27.76
SES_00085,OP_014,Part Insertion,1118,34,0,True,32.7
SES_00086,OP_012,Tray Loading,2353,65,4,True,34.05
SES_00087,OP_003,Assembly,2590,175,1,False,33.16
SES_00088,OP_017,Assembly,2432,67,7,False,29.21
SES_00089,OP_008,Cable Routing,1823,66,4,True,32.22
SES_00090,OP_019,Tray Loading,3337,20,8,False,32.76
SES_00091,OP_014,Tray Loading,2994,89,1,False,32.7
SES_00092,OP_020,Assembly,2757,185,6,True,30.21
SES_00093,OP_007,Assembly,1782,67,4,False,31.89
SES_00094,OP_012,Tray Loading,1434,33,3,True,34.05
SES_00095,OP_002,Tray Loading,2557,21,1,True,27.71
SES_00096,OP_007,Tray Loading,3304,136,2,True,31.89
SES_00097,OP_005,Cable Routing,890,147,1,True,23.22
SES_00098,OP_010,Bin Picking,3155,43,5,False,27.86
SES_00099,OP_009,Bin Picking,3288,61,4,False,23.67
SES_00100,OP_003,Tray Loading,3223,71,1,True,33.16
SES_00101,OP_001,Tray Loading,3263,173,2,True,32.06
SES_00102,OP_008,Bin Picking,976,227,3,True,32.22
SES_00103,OP_018,Bin Picking,956,215,4,False,22.83
SES_00104,OP_003,Tray Loading,2824,69,2,True,33.16
SES_00105,OP_002,Part Insertion,2468,196,0,False,27.71
SES_00106,OP_011,Cable Routing,2517,33,1,True,26.82
SES_00107,OP_016,Bin Picking,1056,64,7,True,24.95
SES_00108,OP_012,Bin Picking,2634,205,8,False,34.05
SES_00109,OP_008,Cable Routing,2285,185,5,True,32.22
SES_00110,OP_017,Bin Picking,2602,75,1,True,29.21
SES_00111,OP_004,Part Insertion,3181,40,0,True,31.07
SES_00112,OP_016,Bin Picking,1450,66,5,False,24.95
SES_00113,OP_002,Assembly,3528,50,0,True,27.71
SES_00114,OP_015,Tray Loading,2430,76,5,True,27.76
SES_00115,OP_009,Tray Loading,3371,198,6,True,23.67
SES_00116,OP_007,Assembly,2357,89,3,True,31.89
SES_00117,OP_010,Part Insertion,3117,56,3,True,27.86
SES_00118,OP_001,Cable Routing,2459,237,0,True,32.06
SES_00119,OP_012,Part Insertion,1411,164,2,False,34.05
SES_00120,OP_011,Cable Routing,2102,64,6,True,26.82
SES_00121,OP_004,Cable Routing,754,38,4,True,31.07
SES_00122,OP_015,Tray Loading,2073,184,2,False,27.76
SES_00123,OP_006,Bin Picking,758,45,1,True,34.68
SES_00124,OP_015,Tray Loading,1104,20,4,False,27.76
SES_00125,OP_012,Assembly,2856,60,3,False,34.05
SES_00126,OP_020,Bin Picking,857,80,5,True,30.21
SES_00127,OP_004,Tray Loading,3526,123,0,True,31.07
SES_00128,OP_019,Assembly,2804,43,2,True,32.76
SES_00129,OP_019,Part Insertion,2058,40,6,False,32.76
SES_00130,OP_013,Part Insertion,798,32,7,True,30.37
SES_00131,OP_010,Cable Routing,1186,90,2,True,27.86
SES_00132,OP_002,Bin Picking,3180,46,0,True,27.71
SES_00133,OP_007,Assembly,2431,56,2,True,31.89
SES_00134,OP_010,Part Insertion,965,178,4,False,27.86
SES_00135,OP_010,Tray Loading,2330,158,7,False,27.86
SES_00136,OP_005,Bin Picking,909,140,1,True,23.22
SES_00137,OP_017,Part Insertion,3380,173,5,False,29.21
SES_00138,OP_020,Assembly,1735,50,5,False,30.21
SES_00139,OP_020,Tray Loading,2392,91,4,True,30.21
SES_00140,OP_019,Part Insertion,2288,84,3,False,32.76
SES_00141,OP_019,Assembly,3236,76,3,True,32.76
SES_00142,OP_005,Tray Loading,3490,134,2,True,23.22
SES_00143,OP_008,Tray Loading,2045,20,4,False,32.22
SES_00144,OP_005,Tray Loading,1453,97,0,True,23.22
SES_00145,OP_011,Cable Routing,2670,49,2,True,26.82
SES_00146,OP_020,Cable Routing,1242,75,3,False,30.21
SES_00147,OP_009,Tray Loading,842,114,3,True,23.67
SES_00148,OP_008,Tray Loading,3476,45,2,False,32.22
SES_00149,OP_016,Tray Loading,952,98,4,True,24.95
SES_00150,OP_020,Bin Picking,3506,52,4,False,30.21
SES_00151,OP_003,Tray Loading,3126,179,3,False,33.16
SES_00152,OP_009,Part Insertion,2048,57,2,True,23.67
SES_00153,OP_012,Part Insertion,1938,239,1,False,34.05
SES_00154,OP_006,Tray Loading,1256,72,2,True,34.68
SES_00155,OP_019,Bin Picking,1185,65,7,True,32.76
SES_00156,OP_010,Assembly,1913,181,4,False,27.86
SES_00157,OP_004,Cable Routing,1285,210,1,True,31.07
SES_00158,OP_012,Cable Routing,2158,51,4,False,34.05
SES_00159,OP_005,Assembly,2512,107,2,True,23.22
SES_00160,OP_017,Tray Loading,2544,239,8,False,29.21
SES_00161,OP_008,Cable Routing,2809,31,3,False,32.22
SES_00162,OP_005,Tray Loading,1417,31,0,True,23.22
SES_00163,OP_008,Assembly,2188,193,4,True,32.22
SES_00164,OP_005,Assembly,981,39,0,True,23.22
SES_00165,OP_005,Part Insertion,2843,133,1,True,23.22
SES_00166,OP_004,Bin Picking,2002,20,2,True,31.07
SES_00167,OP_001,Cable Routing,1508,26,4,False,32.06
SES_00168,OP_010,Part Insertion,3269,163,2,False,27.86
SES_00169,OP_010,Cable Routing,1822,80,3,False,27.86
SES_00170,OP_016,Tray Loading,3218,214,5,True,24.95
SES_00171,OP_005,Bin Picking,1185,48,3,True,23.22
SES_00172,OP_005,Tray Loading,1394,186,2,True,23.22
SES_00173,OP_007,Tray Loading,1393,28,5,True,31.89
SES_00174,OP_012,Cable Routing,3582,84,3,False,34.05
SES_00175,OP_004,Assembly,1166,51,3,False,31.07
SES_00176,OP_004,Cable Routing,1810,243,2,False,31.07
SES_00177,OP_003,Assembly,1156,70,3,True,33.16
SES_00178,OP_003,Assembly,1005,201,1,True,33.16
SES_00179,OP_006,Bin Picking,1085,75,0,False,34.68
SES_00180,OP_013,Tray Loading,3145,68,4,False,30.37
SES_00181,OP_004,Tray Loading,2785,60,4,True,31.07
SES_00182,OP_020,Assembly,2108,83,6,True,30.21
SES_00183,OP_007,Part Insertion,3481,185,5,False,31.89
SES_00184,OP_013,Tray Loading,1452,176,8,True,30.37
SES_00185,OP_019,Part Insertion,2290,47,2,True,32.76
SES_00186,OP_009,Tray Loading,752,174,6,True,23.67
SES_00187,OP_009,Bin Picking,3475,186,5,False,23.67
SES_00188,OP_017,Tray Loading,1648,58,5,True,29.21
SES_00189,OP_004,Bin Picking,813,225,0,False,31.07
SES_00190,OP_015,Cable Routing,2923,58,5,True,27.76
SES_00191,OP_009,Part Insertion,1382,90,4,False,23.67
SES_00192,OP_005,Assembly,1249,48,1,True,23.22
SES_00193,OP_007,Cable Routing,2465,39,4,True,31.89
SES_00194,OP_002,Cable Routing,860,42,1,False,27.71
SES_00195,OP_010,Cable Routing,2881,94,6,False,27.86
SES_00196,OP_014,Cable Routing,3365,84,3,True,32.7
SES_00197,OP_012,Bin Picking,1895,106,2,False,34.05
SES_00198,OP_020,Bin Picking,2479,54,8,True,30.21
SES_00199,OP_007,Assembly,1388,73,8,True,31.89
SES_00200,OP_005,Tray Loading,3555,210,1,True,23.22
SES_00201,OP_002,Cable Routing,2116,55,2,True,27.71
SES_00202,OP_009,Bin Picking,3151,20,2,True,23.67
SES_00203,OP_003,Bin Picking,2567,73,0,True,33.16
SES_00204,OP_017,Bin Picking,3146,32,2,False,29.21
SES_00205,OP_013,Tray Loading,633,74,2,False,30.37
SES_00206,OP_003,Part Insertion,2398,107,1,True,33.16
SES_00207,OP_015,Assembly,737,51,1,False,27.76
SES_00208,OP_005,Part Insertion,2929,202,0,False,23.22
SES_00209,OP_013,Part Insertion,1336,48,5,False,30.37
SES_00210,OP_011,Bin Picking,3374,181,7,False,26.82
SES_00211,OP_010,Cable Routing,2315,31,4,True,27.86
SES_00212,OP_019,Tray Loading,2799,75,4,False,32.76
SES_00213,OP_014,Assembly,3155,44,5,False,32.7
SES_00214,OP_018,Assembly,813,61,5,False,22.83
SES_00215,OP_006,Part Insertion,947,154,0,True,34.68
SES_00216,OP_004,Part Insertion,742,58,1,True,31.07
SES_00217,OP_006,Assembly,696,33,1,True,34.68
SES_00218,OP_010,Assembly,1969,49,3,True,27.86
SES_00219,OP_016,Assembly,1863,68,2,False,24.95
SES_00220,OP_019,Assembly,2962,49,3,True,32.76
SES_00221,OP_016,Assembly,3562,38,5,True,24.95
SES_00222,OP_015,Tray Loading,1397,47,7,True,27.76
SES_00223,OP_009,Tray Loading,1769,86,2,True,23.67
SES_00224,OP_012,Assembly,2640,40,4,True,34.05
SES_00225,OP_003,Tray Loading,2315,62,1,True,33.16
SES_00226,OP_012,Bin Picking,1315,182,7,False,34.05
SES_00227,OP_017,Cable Routing,1133,59,2,True,29.21
SES_00228,OP_016,Assembly,1421,49,3,True,24.95
SES_00229,OP_007,Bin Picking,675,63,9,False,31.89
SES_00230,OP_015,Tray Loading,1525,108,4,False,27.76
SES_00231,OP_015,Part Insertion,2407,148,2,True,27.76
SES_00232,OP_010,Assembly,1778,61,4,True,27.86
SES_00233,OP_010,Assembly,2108,104,8,True,27.86
SES_00234,OP_012,Bin Picking,3054,58,4,True,34.05
SES_00235,OP_004,Tray Loading,802,59,1,False,31.07
SES_00236,OP_006,Tray Loading,1157,44,2,True,34.68
SES_00237,OP_015,Tray Loading,1966,205,2,False,27.76
SES_00238,OP_014,Tray Loading,1544,38,3,False,32.7
SES_00239,OP_013,Bin Picking,716,102,5,True,30.37
SES_00240,OP_019,Assembly,2211,41,3,True,32.76
SES_00241,OP_007,Part Insertion,1764,49,7,True,31.89
SES_00242,OP_020,Part Insertion,3560,96,5,False,30.21
SES_00243,OP_019,Part Insertion,2863,136,2,False,32.76
SES_00244,OP_016,Part Insertion,1860,34,2,False,24.95
SES_00245,OP_015,Part Insertion,1199,85,4,False,27.76
SES_00246,OP_013,Bin Picking,614,139,5,True,30.37
SES_00247,OP_006,Cable Routing,3294,149,1,True,34.68
SES_00248,OP_003,Assembly,1123,106,1,True,33.16
SES_00249,OP_001,Cable Routing,840,20,0,True,32.06
SES_00250,OP_003,Cable Routing,2093,60,1,True,33.16
SES_00251,OP_002,Part Insertion,3204,79,0,True,27.71
SES_00252,OP_014,Bin Picking,2783,83,3,True,32.7
SES_00253,OP_018,Bin Picking,3160,51,5,False,22.83
SES_00254,OP_019,Bin Picking,2032,200,4,False,32.76
SES_00255,OP_009,Assembly,1516,20,3,False,23.67
SES_00256,OP_020,Tray Loading,1312,59,3,False,30.21
SES_00257,OP_003,Bin Picking,2376,98,0,True,33.16
SES_00258,OP_004,Tray Loading,1372,90,3,False,31.07
SES_00259,OP_008,Tray Loading,1341,66,7,True,32.22
SES_00260,OP_020,Cable Routing,802,136,2,False,30.21
SES_00261,OP_019,Part Insertion,805,61,9,False,32.76
SES_00262,OP_008,Tray Loading,1081,66,2,True,32.22
SES_00263,OP_018,Cable Routing,2355,80,5,True,22.83
SES_00264,OP_017,Cable Routing,3218,42,6,True,29.21
SES_00265,OP_017,Tray Loading,2769,91,1,True,29.21
SES_00266,OP_004,Assembly,3432,96,0,True,31.07
SES_00267,OP_001,Tray Loading,1750,142,0,True,32.06
SES_00268,OP_019,Tray Loading,1806,57,6,False,32.76
SES_00269,OP_016,Tray Loading,3087,52,6,True,24.95
SES_00270,OP_015,Assembly,3109,36,3,True,27.76
SES_00271,OP_016,Part Insertion,3336,67,6,False,24.95
SES_00272,OP_019,Cable Routing,2944,58,4,False,32.76
SES_00273,OP_018,Assembly,3509,75,5,False,22.83
SES_00274,OP_020,Bin Picking,1387,70,6,True,30.21
SES_00275,OP_010,Part Insertion,3586,48,6,False,27.86
SES_00276,OP_008,Bin Picking,3108,74,0,True,32.22
SES_00277,OP_018,Assembly,1097,71,4,False,22.83
SES_00278,OP_010,Bin Picking,1820,199,4,True,27.86
SES_00279,OP_010,Part Insertion,1297,26,6,False,27.86
SES_00280,OP_012,Tray Loading,3306,233,5,True,34.05
SES_00281,OP_014,Assembly,847,64,4,False,32.7
SES_00282,OP_008,Bin Picking,2749,194,11,False,32.22
SES_00283,OP_005,Assembly,2296,49,2,True,23.22
SES_00284,OP_004,Cable Routing,3017,213,2,True,31.07
SES_00285,OP_006,Assembly,2015,60,3,True,34.68
SES_00286,OP_012,Tray Loading,1060,57,4,False,34.05
SES_00287,OP_008,Assembly,3227,228,1,False,32.22
SES_00288,OP_018,Part Insertion,2198,41,4,False,22.83
SES_00289,OP_017,Tray Loading,1341,63,4,True,29.21
SES_00290,OP_011,Cable Routing,3022,46,3,True,26.82
SES_00291,OP_011,Tray Loading,608,74,3,True,26.82
SES_00292,OP_006,Part Insertion,2325,69,0,False,34.68
SES_00293,OP_018,Assembly,2948,63,1,True,22.83
SES_00294,OP_001,Part Insertion,3112,59,4,True,32.06
SES_00295,OP_016,Tray Loading,901,77,8,False,24.95
SES_00296,OP_013,Assembly,2545,62,1,True,30.37
SES_00297,OP_002,Part Insertion,1654,64,3,False,27.71
SES_00298,OP_015,Bin Picking,2819,249,7,False,27.76
SES_00299,OP_013,Bin Picking,1334,83,2,False,30.37
SES_00300,OP_005,Part Insertion,719,28,1,True,23.22
SES_00301,OP_003,Tray Loading,1463,77,4,True,33.16
SES_00302,OP_011,Part Insertion,1265,75,6,False,26.82
SES_00303,OP_008,Cable Routing,1914,47,2,False,32.22
SES_00304,OP_015,Assembly,1740,51,7,True,27.76
SES_00305,OP_005,Assembly,912,79,2,True,23.22
SES_00306,OP_016,Part Insertion,1973,32,3,True,24.95
SES_00307,OP_003,Bin Picking,880,75,1,True,33.16
SES_00308,OP_010,Tray Loading,924,58,6,False,27.86
SES_00309,OP_012,Cable Routing,1751,189,4,False,34.05
SES_00310,OP_008,Cable Routing,2713,48,3,False,32.22
SES_00311,OP_018,Bin Picking,2726,178,2,False,22.83
SES_00312,OP_006,Part Insertion,2364,38,1,True,34.68
SES_00313,OP_015,Tray Loading,2600,46,2,False,27.76
SES_00314,OP_017,Assembly,3044,68,5,False,29.21
SES_00315,OP_004,Bin Picking,3340,44,0,True,31.07
SES_00316,OP_007,Assembly,3342,154,2,False,31.89
SES_00317,OP_007,Assembly,1450,80,5,False,31.89
SES_00318,OP_014,Part Insertion,2748,91,2,True,32.7
SES_00319,OP_015,Assembly,782,64,6,False,27.76
SES_00320,OP_003,Assembly,3537,81,1,True,33.16
SES_00321,OP_002,Bin Picking,2923,93,0,True,27.71
SES_00322,OP_006,Assembly,3267,244,1,False,34.68
SES_00323,OP_005,Bin Picking,1578,53,2,True,23.22
SES_00324,OP_009,Bin Picking,1400,129,3,True,23.67
SES_00325,OP_003,Tray Loading,2718,59,0,True,33.16
SES_00326,OP_018,Assembly,3372,193,7,False,22.83
SES_00327,OP_001,Part Insertion,2443,88,0,True,32.06
SES_00328,OP_011,Assembly,2393,93,4,False,26.82
SES_00329,OP_002,Cable Routing,648,208,3,False,27.71
SES_00330,OP_002,Part Insertion,1401,107,3,True,27.71
SES_00331,OP_010,Cable Routing,2240,98,3,True,27.86
SES_00332,OP_013,Assembly,1109,126,6,False,30.37
SES_00333,OP_006,Assembly,1365,177,2,False,34.68
SES_00334,OP_017,Assembly,1418,70,3,True,29.21
SES_00335,OP_006,Bin Picking,2666,162,1,True,34.68
SES_00336,OP_006,Part Insertion,2883,187,2,True,34.68
SES_00337,OP_010,Tray Loading,790,188,4,False,27.86
SES_00338,OP_007,Assembly,971,38,1,False,31.89
SES_00339,OP_010,Assembly,3546,186,4,True,27.86
SES_00340,OP_017,Part Insertion,3559,100,4,True,29.21
SES_00341,OP_001,Cable Routing,3411,34,0,True,32.06
SES_00342,OP_020,Bin Picking,2781,191,2,False,30.21
SES_00343,OP_010,Part Insertion,2543,74,1,False,27.86
SES_00344,OP_011,Part Insertion,3368,195,2,True,26.82
SES_00345,OP_005,Bin Picking,886,81,2,True,23.22
SES_00346,OP_006,Assembly,638,52,1,True,34.68
SES_00347,OP_006,Part Insertion,1017,144,0,True,34.68
SES_00348,OP_007,Cable Routing,1918,55,1,True,31.89
SES_00349,OP_009,Tray Loading,1454,47,4,True,23.67
SES_00350,OP_006,Assembly,3005,211,2,True,34.68
SES_00351,OP_014,Bin Picking,3012,46,2,False,32.7
SES_00352,OP_006,Bin Picking,2031,32,0,True,34.68
SES_00353,OP_007,Tray Loading,1020,128,7,False,31.89
SES_00354,OP_010,Bin Picking,1426,49,3,True,27.86
SES_00355,OP_010,Assembly,2761,105,5,False,27.86
SES_00356,OP_010,Assembly,1367,128,1,True,27.86
SES_00357,OP_010,Cable Routing,814,161,3,False,27.86
SES_00358,OP_018,Bin Picking,856,65,8,False,22.83
SES_00359,OP_010,Assembly,678,93,5,False,27.86
SES_00360,OP_008,Bin Picking,910,54,4,True,32.22
SES_00361,OP_018,Bin Picking,1586,45,5,True,22.83
SES_00362,OP_018,Cable Routing,1544,39,4,False,22.83
SES_00363,OP_001,Bin Picking,2121,63,3,False,32.06
SES_00364,OP_010,Tray Loading,2270,40,4,False,27.86
SES_00365,OP_005,Tray Loading,685,225,0,True,23.22
SES_00366,OP_002,Part Insertion,2543,78,4,True,27.71
SES_00367,OP_018,Cable Routing,902,61,2,True,22.83
SES_00368,OP_009,Part Insertion,2960,94,4,False,23.67
SES_00369,OP_014,Bin Picking,3235,213,4,False,32.7
SES_00370,OP_020,Assembly,1567,20,2,True,30.21
SES_00371,OP_003,Tray Loading,1610,62,2,True,33.16
SES_00372,OP_013,Bin Picking,705,169,2,False,30.37
SES_00373,OP_006,Cable Routing,2968,69,3,True,34.68
SES_00374,OP_016,Tray Loading,1917,72,7,False,24.95
SES_00375,OP_002,Tray Loading,2288,93,0,True,27.71
SES_00376,OP_006,Cable Routing,607,99,0,False,34.68
SES_00377,OP_005,Part Insertion,2874,79,2,True,23.22
SES_00378,OP_020,Part Insertion,2301,68,9,False,30.21
SES_00379,OP_017,Part Insertion,2162,259,3,True,29.21
SES_00380,OP_008,Tray Loading,2053,59,4,True,32.22
SES_00381,OP_017,Bin Picking,1510,211,4,False,29.21
SES_00382,OP_004,Bin Picking,3155,217,1,True,31.07
SES_00383,OP_001,Part Insertion,2094,94,2,False,32.06
SES_00384,OP_018,Bin Picking,3520,215,4,False,22.83
SES_00385,OP_018,Cable Routing,1566,89,2,False,22.83
SES_00386,OP_013,Part Insertion,1805,205,6,False,30.37
SES_00387,OP_010,Bin Picking,733,194,2,False,27.86
SES_00388,OP_020,Assembly,3406,54,2,False,30.21
SES_00389,OP_008,Assembly,2445,242,3,False,32.22
SES_00390,OP_011,Part Insertion,1432,44,6,False,26.82
SES_00391,OP_011,Cable Routing,1847,36,5,False,26.82
SES_00392,OP_014,Bin Picking,755,130,4,True,32.7
SES_00393,OP_011,Assembly,1552,67,3,False,26.82
SES_00394,OP_010,Tray Loading,2638,73,2,True,27.86
SES_00395,OP_018,Assembly,2432,44,5,False,22.83
SES_00396,OP_001,Bin Picking,1877,88,0,True,32.06
SES_00397,OP_008,Tray Loading,2445,76,4,True,32.22
SES_00398,OP_012,Bin Picking,674,63,3,True,34.05
SES_00399,OP_014,Assembly,2610,42,13,False,32.7
SES_00400,OP_016,Part Insertion,3485,93,7,False,24.95
SES_00401,OP_020,Part Insertion,1923,72,4,False,30.21
SES_00402,OP_016,Assembly,1200,57,4,True,24.95
SES_00403,OP_001,Tray Loading,1095,126,0,True,32.06
SES_00404,OP_017,Bin Picking,2970,47,9,False,29.21
SES_00405,OP_003,Tray Loading,854,148,1,False,33.16
SES_00406,OP_004,Tray Loading,983,45,0,True,31.07
SES_00407,OP_001,Bin Picking,1060,57,2,True,32.06
SES_00408,OP_003,Bin Picking,1219,75,0,True,33.16
SES_00409,OP_010,Part Insertion,2488,217,3,False,27.86
SES_00410,OP_007,Assembly,1883,74,4,False,31.89
SES_00411,OP_008,Cable Routing,1412,45,5,True,32.22
SES_00412,OP_015,Part Insertion,719,173,8,False,27.76
SES_00413,OP_011,Cable Routing,1433,59,5,True,26.82
SES_00414,OP_017,Bin Picking,2627,41,4,True,29.21
SES_00415,OP_017,Assembly,934,36,1,False,29.21
SES_00416,OP_003,Bin Picking,1855,165,3,False,33.16
SES_00417,OP_002,Tray Loading,3386,54,2,False,27.71
SES_00418,OP_019,Part Insertion,1533,58,3,False,32.76
SES_00419,OP_003,Assembly,2605,177,3,False,33.16
SES_00420,OP_006,Assembly,1787,55,2,True,34.68
SES_00421,OP_018,Tray Loading,1638,149,5,True,22.83
SES_00422,OP_005,Cable Routing,708,62,1,True,23.22
SES_00423,OP_016,Bin Picking,819,45,4,False,24.95
SES_00424,OP_018,Assembly,1876,209,5,False,22.83
SES_00425,OP_007,Assembly,989,50,2,True,31.89
SES_00426,OP_004,Cable Routing,1030,192,1,True,31.07
SES_00427,OP_013,Assembly,764,40,3,True,30.37
SES_00428,OP_001,Assembly,815,28,4,True,32.06
SES_00429,OP_001,Assembly,642,109,1,True,32.06
SES_00430,OP_006,Assembly,3155,50,0,True,34.68
SES_00431,OP_016,Bin Picking,1084,64,2,True,24.95
SES_00432,OP_006,Cable Routing,1351,76,1,True,34.68
SES_00433,OP_009,Assembly,3307,224,7,True,23.67
SES_00434,OP_002,Assembly,1539,178,3,False,27.71
SES_00435,OP_016,Cable Routing,1379,61,9,False,24.95
SES_00436,OP_010,Tray Loading,2710,39,4,True,27.86
SES_00437,OP_016,Assembly,2541,76,1,False,24.95
SES_00438,OP_009,Cable Routing,1068,38,5,False,23.67
SES_00439,OP_004,Bin Picking,1134,55,1,True,31.07
SES_00440,OP_005,Assembly,2373,89,2,True,23.22
SES_00441,OP_010,Assembly,3322,74,8,True,27.86
SES_00442,OP_008,Tray Loading,1553,47,6,False,32.22
SES_00443,OP_011,Tray Loading,2793,46,2,True,26.82
SES_00444,OP_002,Tray Loading,2727,173,1,True,27.71
SES_00445,OP_011,Cable Routing,1365,49,4,True,26.82
SES_00446,OP_015,Cable Routing,618,223,3,False,27.76
SES_00447,OP_007,Assembly,2516,56,7,True,31.89
SES_00448,OP_007,Part Insertion,3557,53,6,True,31.89
SES_00449,OP_004,Bin Picking,2079,25,2,True,31.07
SES_00450,OP_019,Bin Picking,3253,97,2,False,32.76
SES_00451,OP_001,Part Insertion,2853,71,1,True,32.06
SES_00452,OP_005,Assembly,1948,46,0,True,23.22
SES_00453,OP_007,Bin Picking,3527,75,0,True,31.89
SES_00454,OP_010,Bin Picking,1255,221,4,False,27.86
SES_00455,OP_008,Part Insertion,801,57,8,False,32.22
SES_00456,OP_007,Bin Picking,1187,146,2,False,31.89
SES_00457,OP_014,Bin Picking,691,33,7,False,32.7
SES_00458,OP_012,Part Insertion,2870,145,3,True,34.05
SES_00459,OP_019,Tray Loading,1467,183,4,False,32.76
SES_00460,OP_020,Assembly,3582,76,1,True,30.21
SES_00461,OP_011,Tray Loading,1808,20,6,True,26.82
SES_00462,OP_008,Cable Routing,1632,181,4,False,32.22
SES_00463,OP_009,Tray Loading,2963,165,3,True,23.67
SES_00464,OP_018,Cable Routing,776,153,3,False,22.83
SES_00465,OP_001,Tray Loading,810,65,2,True,32.06
SES_00466,OP_014,Cable Routing,1302,150,5,False,32.7
SES_00467,OP_012,Bin Picking,3277,44,4,False,34.05
SES_00468,OP_018,Tray Loading,2834,77,3,True,22.83
SES_00469,OP_009,Cable Routing,1096,68,3,False,23.67
SES_00470,OP_016,Assembly,1275,20,4,True,24.95
SES_00471,OP_003,Part Insertion,2156,29,1,False,33.16
SES_00472,OP_007,Bin Picking,2934,247,1,False,31.89
SES_00473,OP_019,Cable Routing,3357,60,2,False,32.76
SES_00474,OP_005,Bin Picking,1371,195,0,True,23.22
SES_00475,OP_014,Cable Routing,1514,41,3,True,32.7
SES_00476,OP_003,Assembly,689,69,2,True,33.16
SES_00477,OP_017,Tray Loading,1308,43,1,False,29.21
SES_00478,OP_014,Tray Loading,928,58,2,False,32.7
SES_00479,OP_012,Tray Loading,2560,56,3,False,34.05
SES_00480,OP_015,Cable Routing,1844,99,2,False,27.76
SES_00481,OP_020,Tray Loading,1306,173,2,False,30.21
SES_00482,OP_008,Cable Routing,1313,92,5,False,32.22
SES_00483,OP_004,Bin Picking,1465,54,2,True,31.07
SES_00484,OP_001,Assembly,2036,37,1,True,32.06
SES_00485,OP_016,Part Insertion,1981,51,4,False,24.95
SES_00486,OP_018,Tray Loading,966,57,4,True,22.83
SES_00487,OP_020,Part Insertion,3151,211,5,False,30.21
SES_00488,OP_018,Cable Routing,2109,71,3,True,22.83
SES_00489,OP_009,Tray Loading,2080,67,4,False,23.67
SES_00490,OP_005,Bin Picking,2627,45,2,True,23.22
SES_00491,OP_013,Tray Loading,1327,48,3,True,30.37
SES_00492,OP_019,Cable Routing,1510,167,4,False,32.76
SES_00493,OP_012,Bin Picking,2633,159,8,False,34.05
SES_00494,OP_001,Assembly,1234,144,0,True,32.06
SES_00495,OP_001,Assembly,2469,94,2,False,32.06
SES_00496,OP_018,Assembly,919,244,4,True,22.83
SES_00497,OP_010,Cable Routing,1939,79,6,True,27.86
SES_00498,OP_004,Assembly,1418,36,1,True,31.07
SES_00499,OP_018,Assembly,2669,96,1,True,22.83
SES_00500,OP_009,Bin Picking,1418,208,5,True,23.67
SES_00501,OP_014,Cable Routing,3210,147,5,False,32.7
SES_00502,OP_003,Cable Routing,3032,73,1,True,33.16
SES_00503,OP_001,Part Insertion,1026,64,0,False,32.06
SES_00504,OP_015,Tray Loading,739,246,6,True,27.76
SES_00505,OP_009,Part Insertion,3163,76,6,True,23.67
SES_00506,OP_006,Bin Picking,1490,65,0,True,34.68
SES_00507,OP_010,Part Insertion,1337,53,4,True,27.86
SES_00508,OP_009,Cable Routing,2229,39,3,False,23.67
SES_00509,OP_016,Cable Routing,1549,246,4,True,24.95
SES_00510,OP_006,Part Insertion,1228,68,1,True,34.68
SES_00511,OP_011,Cable Routing,2451,144,3,False,26.82
SES_00512,OP_005,Cable Routing,1845,155,3,False,23.22
SES_00513,OP_004,Cable Routing,1417,41,0,True,31.07
SES_00514,OP_001,Part Insertion,1792,43,0,True,32.06
SES_00515,OP_010,Cable Routing,845,71,8,False,27.86
SES_00516,OP_010,Cable Routing,650,86,2,True,27.86
SES_00517,OP_014,Tray Loading,2874,48,2,False,32.7
SES_00518,OP_002,Cable Routing,2384,66,2,False,27.71
SES_00519,OP_014,Cable Routing,647,60,6,True,32.7
SES_00520,OP_017,Bin Picking,1841,158,6,True,29.21
SES_00521,OP_017,Bin Picking,1068,166,3,True,29.21
SES_00522,OP_003,Part Insertion,1009,270,2,True,33.16
SES_00523,OP_003,Tray Loading,1989,55,1,False,33.16
SES_00524,OP_006,Assembly,2925,35,1,True,34.68
SES_00525,OP_019,Part Insertion,1900,96,5,True,32.76
SES_00526,OP_012,Bin Picking,2390,67,6,True,34.05
SES_00527,OP_010,Cable Routing,1406,43,5,True,27.86
SES_00528,OP_018,Tray Loading,2730,60,2,True,22.83
SES_00529,OP_005,Cable Routing,1762,145,4,True,23.22
SES_00530,OP_014,Bin Picking,1427,219,4,False,32.7
SES_00531,OP_018,Part Insertion,2962,59,4,False,22.83
SES_00532,OP_008,Bin Picking,2385,157,7,False,32.22
SES_00533,OP_013,Assembly,1310,99,3,True,30.37
SES_00534,OP_012,Assembly,1306,77,1,False,34.05
SES_00535,OP_012,Part Insertion,812,101,5,False,34.05
SES_00536,OP_016,Assembly,1532,70,4,True,24.95
SES_00537,OP_007,Tray Loading,2711,36,2,True,31.89
SES_00538,OP_012,Part Insertion,1254,65,1,True,34.05
SES_00539,OP_014,Part Insertion,2552,173,4,False,32.7
SES_00540,OP_018,Cable Routing,2060,66,8,True,22.83
SES_00541,OP_003,Bin Picking,3154,67,1,False,33.16
SES_00542,OP_016,Bin Picking,3253,219,3,False,24.95
SES_00543,OP_012,Assembly,3091,90,3,False,34.05
SES_00544,OP_011,Assembly,2247,27,1,True,26.82
SES_00545,OP_019,Assembly,1034,174,4,False,32.76
SES_00546,OP_005,Cable Routing,2117,225,1,True,23.22
SES_00547,OP_019,Part Insertion,1123,73,3,True,32.76
SES_00548,OP_015,Tray Loading,1471,56,8,True,27.76
SES_00549,OP_014,Bin Picking,2443,122,4,False,32.7
SES_00550,OP_016,Part Insertion,3408,69,3,False,24.95
SES_00551,OP_012,Assembly,1894,69,2,False,34.05
SES_00552,OP_011,Tray Loading,1498,35,3,True,26.82
SES_00553,OP_018,Assembly,3128,78,7,False,22.83
SES_00554,OP_003,Bin Picking,2021,85,0,True,33.16
SES_00555,OP_011,Cable Routing,1965,27,5,False,26.82
SES_00556,OP_005,Bin Picking,1595,180,1,True,23.22
SES_00557,OP_018,Bin Picking,1176,60,3,False,22.83
SES_00558,OP_007,Bin Picking,3198,54,5,False,31.89
SES_00559,OP_003,Tray Loading,1929,61,1,True,33.16
SES_00560,OP_017,Bin Picking,1977,62,2,True,29.21
SES_00561,OP_018,Cable Routing,1335,192,3,False,22.83
SES_00562,OP_002,Bin Picking,907,40,0,True,27.71
SES_00563,OP_016,Cable Routing,1012,44,6,True,24.95
SES_00564,OP_008,Bin Picking,1912,56,3,False,32.22
SES_00565,OP_001,Cable Routing,1204,70,1,True,32.06
SES_00566,OP_001,Tray Loading,2855,125,1,True,32.06
SES_00567,OP_020,Part Insertion,2355,56,2,False,30.21
SES_00568,OP_003,Tray Loading,2071,180,3,False,33.16
SES_00569,OP_019,Part Insertion,1133,200,4,False,32.76
SES_00570,OP_013,Cable Routing,1521,38,7,True,30.37
SES_00571,OP_015,Cable Routing,2440,153,0,False,27.76
SES_00572,OP_001,Tray Loading,1483,65,1,True,32.06
SES_00573,OP_006,Part Insertion,1635,70,2,True,34.68
SES_00574,OP_016,Part Insertion,3191,56,4,False,24.95
SES_00575,OP_006,Part Insertion,1340,33,4,True,34.68
SES_00576,OP_014,Bin Picking,3206,72,4,False,32.7
SES_00577,OP_009,Part Insertion,2573,54,6,True,23.67
SES_00578,OP_016,Tray Loading,3253,152,5,False,24.95
SES_00579,OP_002,Part Insertion,2645,89,0,False,27.71
SES_00580,OP_005,Assembly,2690,130,1,True,23.22
SES_00581,OP_004,Bin Picking,1966,141,2,True,31.07
SES_00582,OP_013,Cable Routing,1536,48,2,True,30.37
SES_00583,OP_015,Bin Picking,2258,119,3,False,27.76
SES_00584,OP_014,Assembly,1166,251,2,False,32.7
SES_00585,OP_020,Assembly,2068,178,9,False,30.21
SES_00586,OP_006,Bin Picking,3089,70,0,True,34.68
SES_00587,OP_008,Tray Loading,3056,103,5,True,32.22
SES_00588,OP_011,Part Insertion,1123,202,3,False,26.82
SES_00589,OP_013,Bin Picking,918,193,4,False,30.37
SES_00590,OP_013,Bin Picking,3433,70,2,True,30.37
SES_00591,OP_014,Tray Loading,677,77,5,False,32.7
SES_00592,OP_011,Assembly,2589,49,4,True,26.82
SES_00593,OP_017,Bin Picking,2120,60,4,True,29.21
SES_00594,OP_010,Bin Picking,2211,91,3,True,27.86
SES_00595,OP_013,Cable Routing,1931,47,4,False,30.37
SES_00596,OP_018,Tray Loading,1629,168,5,True,22.83
SES_00597,OP_002,Tray Loading,2248,86,1,False,27.71
SES_00598,OP_015,Part Insertion,2612,55,2,False,27.76
SES_00599,OP_006,Tray Loading,1508,46,0,False,34.68
SES_00600,OP_006,Assembly,903,38,1,True,34.68
SES_00601,OP_015,Bin Picking,3237,70,3,False,27.76
SES_00602,OP_012,Part Insertion,3152,232,6,False,34.05
SES_00603,OP_019,Part Insertion,1880,202,0,False,32.76
SES_00604,OP_005,Part Insertion,3345,76,2,False,23.22
SES_00605,OP_010,Tray Loading,2244,65,3,False,27.86
SES_00606,OP_016,Assembly,2555,88,3,True,24.95
SES_00607,OP_006,Assembly,2524,56,3,True,34.68
SES_00608,OP_005,Cable Routing,1139,20,0,True,23.22
SES_00609,OP_011,Assembly,2734,35,5,True,26.82
SES_00610,OP_017,Bin Picking,1903,61,4,False,29.21
SES_00611,OP_016,Part Insertion,999,198,0,False,24.95
SES_00612,OP_003,Bin Picking,1229,59,5,True,33.16
SES_00613,OP_005,Cable Routing,3311,36,3,True,23.22
SES_00614,OP_015,Cable Routing,1861,71,4,False,27.76
SES_00615,OP_011,Tray Loading,2848,110,4,True,26.82
SES_00616,OP_020,Part Insertion,2208,53,4,False,30.21
SES_00617,OP_020,Part Insertion,912,70,2,False,30.21
SES_00618,OP_007,Bin Picking,805,140,5,False,31.89
SES_00619,OP_003,Part Insertion,3287,94,3,True,33.16
SES_00620,OP_001,Part Insertion,2963,199,0,True,32.06
SES_00621,OP_019,Tray Loading,3505,164,4,True,32.76
SES_00622,OP_015,Cable Routing,1319,85,7,False,27.76
SES_00623,OP_017,Tray Loading,3227,69,1,False,29.21
SES_00624,OP_014,Cable Routing,2771,95,9,False,32.7
SES_00625,OP_007,Bin Picking,942,180,7,False,31.89
SES_00626,OP_007,Part Insertion,2715,195,4,False,31.89
SES_00627,OP_013,Part Insertion,1500,98,5,True,30.37
SES_00628,OP_010,Part Insertion,1344,55,5,False,27.86
SES_00629,OP_018,Cable Routing,2020,60,6,True,22.83
SES_00630,OP_020,Part Insertion,3584,170,1,False,30.21
SES_00631,OP_017,Cable Routing,2141,60,2,False,29.21
SES_00632,OP_020,Part Insertion,1596,94,2,True,30.21
SES_00633,OP_012,Bin Picking,1064,24,4,True,34.05
SES_00634,OP_010,Part Insertion,3479,45,3,False,27.86
SES_00635,OP_017,Cable Routing,2153,172,4,False,29.21
SES_00636,OP_011,Bin Picking,1015,246,4,False,26.82
SES_00637,OP_012,Bin Picking,2187,63,6,False,34.05
SES_00638,OP_017,Assembly,2284,87,4,True,29.21
SES_00639,OP_012,Assembly,1402,44,5,False,34.05
SES_00640,OP_018,Bin Picking,1392,40,4,True,22.83
SES_00641,OP_011,Cable Routing,2523,67,2,True,26.82
SES_00642,OP_020,Cable Routing,1531,111,5,False,30.21
SES_00643,OP_010,Tray Loading,3506,59,4,False,27.86
SES_00644,OP_013,Assembly,2601,71,4,False,30.37
SES_00645,OP_010,Tray Loading,2315,83,5,True,27.86
SES_00646,OP_011,Bin Picking,2096,86,4,False,26.82
SES_00647,OP_011,Bin Picking,776,47,8,True,26.82
SES_00648,OP_012,Tray Loading,1121,94,1,False,34.05
SES_00649,OP_008,Tray Loading,3337,93,2,False,32.22
SES_00650,OP_017,Tray Loading,2186,63,2,True,29.21
SES_00651,OP_004,Cable Routing,3147,64,0,True,31.07
SES_00652,OP_014,Cable Routing,3024,186,3,False,32.7
SES_00653,OP_007,Cable Routing,1278,58,2,True,31.89
SES_00654,OP_003,Tray Loading,2170,28,0,False,33.16
SES_00655,OP_002,Bin Picking,699,23,0,True,27.71
SES_00656,OP_011,Cable Routing,1324,77,1,False,26.82
SES_00657,OP_003,Part Insertion,3517,48,2,True,33.16
SES_00658,OP_015,Bin Picking,3134,164,5,False,27.76
SES_00659,OP_010,Assembly,3456,64,3,True,27.86
SES_00660,OP_011,Assembly,2660,45,2,True,26.82
SES_00661,OP_001,Bin Picking,1462,50,1,True,32.06
SES_00662,OP_006,Tray Loading,1171,41,0,True,34.68
SES_00663,OP_016,Bin Picking,2520,65,7,True,24.95
SES_00664,OP_005,Bin Picking,1953,61,3,True,23.22
SES_00665,OP_006,Tray Loading,2557,57,3,True,34.68
SES_00666,OP_016,Cable Routing,3571,245,2,False,24.95
SES_00667,OP_008,Tray Loading,2581,75,5,True,32.22
SES_00668,OP_011,Cable Routing,732,45,4,False,26.82
SES_00669,OP_010,Bin Picking,1041,55,1,False,27.86
SES_00670,OP_011,Bin Picking,2849,70,3,True,26.82
SES_00671,OP_011,Cable Routing,1933,76,2,True,26.82
SES_00672,OP_004,Assembly,1956,44,2,True,31.07
SES_00673,OP_002,Bin Picking,1862,96,2,True,27.71
SES_00674,OP_004,Part Insertion,1101,80,3,True,31.07
SES_00675,OP_010,Cable Routing,1671,187,3,False,27.86
SES_00676,OP_009,Bin Picking,762,198,3,True,23.67
SES_00677,OP_017,Cable Routing,1263,55,2,False,29.21
SES_00678,OP_004,Part Insertion,777,174,1,False,31.07
SES_00679,OP_004,Cable Routing,2113,97,5,False,31.07
SES_00680,OP_007,Tray Loading,2533,20,3,False,31.89
SES_00681,OP_017,Bin Picking,2679,264,4,False,29.21
SES_00682,OP_001,Cable Routing,2194,202,1,True,32.06
SES_00683,OP_015,Tray Loading,929,54,6,True,27.76
SES_00684,OP_017,Part Insertion,1737,21,6,False,29.21
SES_00685,OP_020,Tray Loading,2781,71,6,False,30.21
SES_00686,OP_003,Cable Routing,2016,63,1,False,33.16
SES_00687,OP_019,Assembly,1897,48,5,True,32.76
SES_00688,OP_008,Assembly,3227,78,6,True,32.22
SES_00689,OP_019,Tray Loading,1204,60,4,True,32.76
SES_00690,OP_001,Cable Routing,3041,83,0,True,32.06
SES_00691,OP_004,Bin Picking,2772,146,1,True,31.07
SES_00692,OP_008,Part Insertion,1902,157,2,False,32.22
SES_00693,OP_013,Part Insertion,1623,70,2,True,30.37
SES_00694,OP_005,Assembly,2000,56,1,False,23.22
SES_00695,OP_011,Cable Routing,1765,75,7,False,26.82
SES_00696,OP_011,Cable Routing,2651,146,5,False,26.82
SES_00697,OP_017,Cable Routing,2738,91,5,False,29.21
SES_00698,OP_016,Tray Loading,1804,31,2,False,24.95
SES_00699,OP_006,Cable Routing,1340,59,5,True,34.68
SES_00700,OP_010,Bin Picking,3573,51,3,True,27.86
SES_00701,OP_006,Cable Routing,1722,68,1,False,34.68
SES_00702,OP_019,Part Insertion,722,148,4,False,32.76
SES_00703,OP_005,Bin Picking,2008,157,0,True,23.22
SES_00704,OP_002,Tray Loading,1946,43,2,True,27.71
SES_00705,OP_001,Cable Routing,850,94,1,True,32.06
SES_00706,OP_011,Bin Picking,968,63,6,True,26.82
SES_00707,OP_002,Cable Routing,2764,101,1,True,27.71
SES_00708,OP_017,Bin Picking,1742,195,4,False,29.21
SES_00709,OP_012,Cable Routing,2670,60,8,False,34.05
SES_00710,OP_009,Tray Loading,3479,139,3,True,23.67
SES_00711,OP_001,Tray Loading,3191,59,4,True,32.06
SES_00712,OP_018,Assembly,880,56,2,False,22.83
SES_00713,OP_002,Bin Picking,3197,72,0,True,27.71
SES_00714,OP_009,Assembly,2128,92,3,True,23.67
SES_00715,OP_012,Tray Loading,1420,47,0,False,34.05
SES_00716,OP_020,Part Insertion,2349,79,4,True,30.21
SES_00717,OP_010,Bin Picking,2707,190,2,False,27.86
SES_00718,OP_015,Part Insertion,899,55,7,False,27.76
SES_00719,OP_016,Tray Loading,2964,38,5,True,24.95
SES_00720,OP_002,Bin Picking,3134,75,1,True,27.71
SES_00721,OP_001,Bin Picking,1907,154,3,False,32.06
SES_00722,OP_011,Assembly,1658,189,3,False,26.82
SES_00723,OP_018,Tray Loading,1968,85,3,False,22.83
SES_00724,OP_010,Tray Loading,967,37,3,True,27.86
SES_00725,OP_013,Tray Loading,1534,59,7,True,30.37
SES_00726,OP_007,Cable Routing,1768,57,6,False,31.89
SES_00727,OP_003,Bin Picking,2390,230,1,True,33.16
SES_00728,OP_016,Bin Picking,884,28,3,True,24.95
SES_00729,OP_001,Part Insertion,3329,66,3,True,32.06
SES_00730,OP_006,Cable Routing,3329,55,3,True,34.68
SES_00731,OP_001,Assembly,2348,33,1,True,32.06
SES_00732,OP_002,Cable Routing,1664,178,2,False,27.71
SES_00733,OP_002,Cable Routing,1959,174,2,False,27.71
SES_00734,OP_014,Cable Routing,2495,55,2,True,32.7
SES_00735,OP_007,Part Insertion,2079,56,6,True,31.89
SES_00736,OP_003,Bin Picking,2105,62,0,True,33.16
SES_00737,OP_001,Tray Loading,2574,136,0,True,32.06
SES_00738,OP_008,Cable Routing,644,108,6,True,32.22
SES_00739,OP_005,Part Insertion,3550,201,3,True,23.22
SES_00740,OP_013,Assembly,1852,95,4,True,30.37
SES_00741,OP_016,Assembly,1584,96,2,True,24.95
SES_00742,OP_010,Cable Routing,1663,51,6,False,27.86
SES_00743,OP_019,Bin Picking,1584,90,2,False,32.76
SES_00744,OP_015,Tray Loading,3471,65,4,True,27.76
SES_00745,OP_005,Bin Picking,971,171,2,True,23.22
SES_00746,OP_015,Part Insertion,1551,74,10,False,27.76
SES_00747,OP_002,Assembly,2383,165,1,True,27.71
SES_00748,OP_005,Bin Picking,1381,162,2,False,23.22
SES_00749,OP_006,Part Insertion,2531,166,1,True,34.68
SES_00750,OP_006,Part Insertion,2082,101,2,True,34.68
SES_00751,OP_020,Part Insertion,3271,91,4,False,30.21
SES_00752,OP_003,Assembly,3327,48,2,True,33.16
SES_00753,OP_005,Cable Routing,1119,53,2,False,23.22
SES_00754,OP_006,Cable Routing,681,207,4,False,34.68
SES_00755,OP_020,Assembly,2487,65,0,True,30.21
SES_00756,OP_019,Bin Picking,1372,175,11,False,32.76
SES_00757,OP_003,Bin Picking,603,50,1,True,33.16
SES_00758,OP_015,Assembly,3502,53,1,False,27.76
SES_00759,OP_011,Tray Loading,1611,98,3,True,26.82
SES_00760,OP_006,Assembly,971,60,0,True,34.68
SES_00761,OP_006,Tray Loading,3379,48,0,True,34.68
SES_00762,OP_002,Tray Loading,3487,83,1,False,27.71
SES_00763,OP_007,Assembly,1707,60,4,True,31.89
SES_00764,OP_018,Bin Picking,1420,59,7,True,22.83
SES_00765,OP_005,Part Insertion,1985,39,0,False,23.22
SES_00766,OP_016,Tray Loading,3116,139,4,True,24.95
SES_00767,OP_008,Cable Routing,2321,171,4,True,32.22
SES_00768,OP_017,Assembly,1368,33,1,False,29.21
SES_00769,OP_020,Cable Routing,1612,64,7,False,30.21
SES_00770,OP_016,Assembly,620,258,5,False,24.95
SES_00771,OP_009,Part Insertion,991,72,3,True,23.67
SES_00772,OP_013,Cable Routing,2738,238,9,False,30.37
SES_00773,OP_003,Part Insertion,3167,158,0,False,33.16
SES_00774,OP_008,Cable Routing,2312,210,4,False,32.22
SES_00775,OP_006,Cable Routing,2806,39,0,True,34.68
SES_00776,OP_018,Tray Loading,3366,56,3,True,22.83
SES_00777,OP_020,Assembly,1574,52,6,False,30.21
SES_00778,OP_006,Part Insertion,2677,30,0,False,34.68
SES_00779,OP_018,Part Insertion,1806,70,5,False,22.83
SES_00780,OP_018,Bin Picking,2672,185,2,False,22.83
SES_00781,OP_016,Bin Picking,2577,65,4,True,24.95
SES_00782,OP_013,Assembly,2417,240,7,False,30.37
SES_00783,OP_003,Tray Loading,1190,218,3,True,33.16
SES_00784,OP_013,Bin Picking,1944,229,4,False,30.37
SES_00785,OP_004,Bin Picking,1561,39,3,True,31.07
SES_00786,OP_017,Part Insertion,2870,68,4,True,29.21
SES_00787,OP_003,Tray Loading,3340,202,1,True,33.16
SES_00788,OP_005,Assembly,3086,64,2,False,23.22
SES_00789,OP_008,Part Insertion,1968,59,3,False,32.22
SES_00790,OP_016,Bin Picking,1783,52,3,False,24.95
SES_00791,OP_001,Tray Loading,1975,42,0,True,32.06
SES_00792,OP_020,Tray Loading,2792,79,3,False,30.21
SES_00793,OP_009,Assembly,2573,65,5,False,23.67
SES_00794,OP_005,Bin Picking,1542,33,1,True,23.22
SES_00795,OP_002,Bin Picking,1072,235,1,False,27.71
SES_00796,OP_006,Bin Picking,1428,51,3,True,34.68
SES_00797,OP_020,Bin Picking,2950,137,5,True,30.21
SES_00798,OP_020,Tray Loading,1877,71,3,False,30.21
SES_00799,OP_009,Cable Routing,985,37,1,True,23.67
SES_00800,OP_005,Part Insertion,3166,177,3,True,23.22
SES_00801,OP_004,Assembly,2146,62,3,True,31.07
SES_00802,OP_006,Part Insertion,885,68,1,False,34.68
SES_00803,OP_015,Cable Routing,889,41,5,False,27.76
SES_00804,OP_020,Tray Loading,3097,41,1,True,30.21
SES_00805,OP_020,Bin Picking,1673,39,4,False,30.21
SES_00806,OP_016,Part Insertion,1708,72,4,False,24.95
SES_00807,OP_011,Part Insertion,3021,55,2,False,26.82
SES_00808,OP_012,Tray Loading,610,71,5,True,34.05
SES_00809,OP_009,Cable Routing,2040,56,7,True,23.67
SES_00810,OP_010,Bin Picking,664,151,5,False,27.86
SES_00811,OP_012,Part Insertion,1164,54,7,False,34.05
SES_00812,OP_010,Part Insertion,2137,165,1,True,27.86
SES_00813,OP_011,Assembly,1986,39,4,True,26.82
SES_00814,OP_016,Bin Picking,1773,72,4,False,24.95
SES_00815,OP_014,Assembly,2545,207,2,True,32.7
SES_00816,OP_014,Bin Picking,3252,69,4,False,32.7
SES_00817,OP_006,Tray Loading,3342,23,1,False,34.68
SES_00818,OP_019,Bin Picking,2501,224,3,True,32.76
SES_00819,OP_019,Tray Loading,3308,68,3,False,32.76
SES_00820,OP_009,Cable Routing,1732,91,8,False,23.67
SES_00821,OP_011,Cable Routing,2399,127,5,True,26.82
SES_00822,OP_016,Tray Loading,2905,200,6,False,24.95
SES_00823,OP_007,Part Insertion,919,45,3,False,31.89
SES_00824,OP_010,Cable Routing,2705,230,1,False,27.86
SES_00825,OP_016,Tray Loading,2317,53,5,True,24.95
SES_00826,OP_020,Assembly,2700,116,2,False,30.21
SES_00827,OP_005,Part Insertion,2929,47,4,True,23.22
SES_00828,OP_016,Part Insertion,1703,62,5,True,24.95
SES_00829,OP_012,Tray Loading,3334,106,3,False,34.05
SES_00830,OP_015,Cable Routing,2619,49,1,True,27.76
SES_00831,OP_020,Assembly,1341,45,3,True,30.21
SES_00832,OP_020,Cable Routing,2526,57,4,False,30.21
SES_00833,OP_015,Cable Routing,1307,68,6,True,27.76
SES_00834,OP_016,Tray Loading,1779,56,4,True,24.95
SES_00835,OP_002,Tray Loading,1790,199,0,True,27.71
SES_00836,OP_011,Cable Routing,1973,187,7,False,26.82
SES_00837,OP_012,Tray Loading,1873,231,1,False,34.05
SES_00838,OP_017,Assembly,3426,56,1,False,29.21
SES_00839,OP_003,Assembly,3533,73,0,True,33.16
SES_00840,OP_014,Tray Loading,2652,36,5,True,32.7
SES_00841,OP_006,Assembly,3495,79,1,True,34.68
SES_00842,OP_001,Cable Routing,1130,57,1,False,32.06
SES_00843,OP_001,Assembly,1413,50,1,True,32.06
SES_00844,OP_015,Part Insertion,2943,75,1,False,27.76
SES_00845,OP_014,Part Insertion,1352,26,7,False,32.7
SES_00846,OP_013,Assembly,2970,53,3,False,30.37
SES_00847,OP_007,Part Insertion,1612,22,4,False,31.89
SES_00848,OP_014,Bin Picking,1429,65,6,False,32.7
SES_00849,OP_007,Bin Picking,1326,229,2,False,31.89
SES_00850,OP_002,Part Insertion,1992,47,2,True,27.71
SES_00851,OP_020,Assembly,850,30,5,True,30.21
SES_00852,OP_015,Part Insertion,779,48,5,True,27.76
SES_00853,OP_019,Assembly,2567,37,7,False,32.76
SES_00854,OP_020,Tray Loading,2127,34,6,False,30.21
SES_00855,OP_007,Cable Routing,2554,41,3,True,31.89
SES_00856,OP_005,Bin Picking,2678,71,0,True,23.22
SES_00857,OP_006,Part Insertion,1516,72,0,True,34.68
SES_00858,OP_020,Bin Picking,1688,64,4,False,30.21
SES_00859,OP_020,Part Insertion,2441,142,4,False,30.21
SES_00860,OP_015,Bin Picking,1378,49,4,True,27.76
SES_00861,OP_008,Part Insertion,1050,56,11,False,32.22
SES_00862,OP_014,Tray Loading,2598,205,3,False,32.7
SES_00863,OP_007,Bin Picking,2037,77,3,False,31.89
SES_00864,OP_001,Part Insertion,2236,155,4,True,32.06
SES_00865,OP_012,Assembly,2891,138,4,True,34.05
SES_00866,OP_016,Cable Routing,1761,228,5,False,24.95
SES_00867,OP_016,Cable Routing,2076,80,5,False,24.95
SES_00868,OP_005,Tray Loading,2248,63,5,True,23.22
SES_00869,OP_018,Part Insertion,3245,44,4,True,22.83
SES_00870,OP_018,Bin Picking,3541,70,4,True,22.83
SES_00871,OP_011,Tray Loading,3567,32,2,False,26.82
SES_00872,OP_018,Tray Loading,1118,45,2,False,22.83
SES_00873,OP_009,Bin Picking,3176,50,3,False,23.67
SES_00874,OP_001,Part Insertion,2697,57,3,True,32.06
SES_00875,OP_019,Tray Loading,2783,82,5,False,32.76
SES_00876,OP_018,Bin Picking,3432,78,8,True,22.83
SES_00877,OP_002,Bin Picking,2909,72,1,True,27.71
SES_00878,OP_016,Part Insertion,2350,66,4,False,24.95
SES_00879,OP_005,Part Insertion,3520,136,1,True,23.22
SES_00880,OP_012,Cable Routing,1297,62,7,False,34.05
SES_00881,OP_004,Bin Picking,3280,43,1,True,31.07
SES_00882,OP_020,Part Insertion,2128,63,7,False,30.21
SES_00883,OP_017,Tray Loading,2157,55,2,False,29.21
SES_00884,OP_017,Assembly,2379,26,7,True,29.21
SES_00885,OP_002,Bin Picking,3155,75,2,True,27.71
SES_00886,OP_003,Tray Loading,1403,71,0,False,33.16
SES_00887,OP_009,Part Insertion,1292,57,6,True,23.67
SES_00888,OP_001,Tray Loading,3583,82,0,True,32.06
SES_00889,OP_016,Bin Picking,1773,54,4,False,24.95
SES_00890,OP_013,Assembly,2878,86,6,False,30.37
SES_00891,OP_017,Assembly,2062,103,6,True,29.21
SES_00892,OP_002,Cable Routing,1780,81,0,True,27.71
SES_00893,OP_008,Tray Loading,1648,81,2,False,32.22
SES_00894,OP_016,Cable Routing,2620,60,4,False,24.95
SES_00895,OP_017,Bin Picking,2675,20,3,True,29.21
SES_00896,OP_020,Assembly,2241,136,2,True,30.21
SES_00897,OP_019,Bin Picking,3415,119,6,True,32.76
SES_00898,OP_004,Assembly,2654,207,2,False,31.07
SES_00899,OP_007,Part Insertion,1664,175,2,True,31.89
SES_00900,OP_015,Tray Loading,3247,224,5,True,27.76
SES_00901,OP_015,Tray Loading,2053,74,4,True,27.76
SES_00902,OP_009,Cable Routing,1217,58,6,True,23.67
SES_00903,OP_017,Assembly,1115,36,6,True,29.21
SES_00904,OP_001,Cable Routing,2241,128,2,True,32.06
SES_00905,OP_011,Tray Loading,3397,166,7,False,26.82
SES_00906,OP_014,Tray Loading,3170,77,7,False,32.7
SES_00907,OP_012,Cable Routing,623,58,7,True,34.05
SES_00908,OP_001,Assembly,1838,186,2,False,32.06
SES_00909,OP_020,Tray Loading,872,47,1,False,30.21
SES_00910,OP_006,Tray Loading,2567,45,4,True,34.68
SES_00911,OP_001,Cable Routing,2167,36,2,True,32.06
SES_00912,OP_008,Assembly,2980,54,1,True,32.22
SES_00913,OP_012,Tray Loading,2251,165,4,False,34.05
SES_00914,OP_018,Cable Routing,3262,52,3,True,22.83
SES_00915,OP_018,Part Insertion,1085,48,5,False,22.83
SES_00916,OP_016,Cable Routing,3480,79,3,False,24.95
SES_00917,OP_005,Assembly,3502,57,4,True,23.22
SES_00918,OP_009,Bin Picking,1190,132,3,True,23.67
SES_00919,OP_002,Bin Picking,622,90,1,True,27.71
SES_00920,OP_019,Cable Routing,2830,28,7,False,32.76
SES_00921,OP_018,Assembly,1331,263,8,False,22.83
SES_00922,OP_009,Tray Loading,2173,63,4,True,23.67
SES_00923,OP_011,Tray Loading,1685,89,3,False,26.82
SES_00924,OP_008,Cable Routing,830,150,4,True,32.22
SES_00925,OP_008,Tray Loading,2586,83,3,False,32.22
SES_00926,OP_015,Part Insertion,809,58,6,False,27.76
SES_00927,OP_014,Assembly,747,53,4,False,32.7
SES_00928,OP_010,Bin Picking,2036,64,1,True,27.86
SES_00929,OP_011,Tray Loading,772,80,5,False,26.82
SES_00930,OP_018,Tray Loading,959,100,4,True,22.83
SES_00931,OP_019,Tray Loading,3371,68,4,True,32.76
SES_00932,OP_013,Tray Loading,1146,71,6,False,30.37
SES_00933,OP_009,Assembly,982,184,2,False,23.67
SES_00934,OP_004,Bin Picking,705,107,0,True,31.07
SES_00935,OP_011,Bin Picking,938,55,3,True,26.82
SES_00936,OP_012,Bin Picking,706,37,3,True,34.05
SES_00937,OP_008,Bin Picking,768,48,8,True,32.22
SES_00938,OP_003,Assembly,2193,110,1,True,33.16
SES_00939,OP_016,Assembly,2954,62,5,False,24.95
SES_00940,OP_001,Part Insertion,2236,149,2,True,32.06
SES_00941,OP_005,Assembly,1098,79,1,True,23.22
SES_00942,OP_004,Part Insertion,1795,80,2,True,31.07
SES_00943,OP_006,Tray Loading,2637,141,0,True,34.68
SES_00944,OP_004,Part Insertion,3199,23,0,False,31.07
SES_00945,OP_003,Assembly,2779,24,1,True,33.16
SES_00946,OP_017,Tray Loading,3165,46,4,True,29.21
SES_00947,OP_004,Bin Picking,1440,71,2,True,31.07
SES_00948,OP_006,Tray Loading,3241,136,3,False,34.68
SES_00949,OP_011,Part Insertion,2927,184,7,False,26.82
SES_00950,OP_001,Bin Picking,2266,36,1,True,32.06
SES_00951,OP_006,Part Insertion,1122,47,0,True,34.68
SES_00952,OP_018,Cable Routing,2936,78,5,False,22.83
SES_00953,OP_008,Cable Routing,1152,239,2,False,32.22
SES_00954,OP_020,Tray Loading,2387,74,2,False,30.21
SES_00955,OP_016,Cable Routing,3224,55,1,False,24.95
SES_00956,OP_001,Part Insertion,1115,90,2,True,32.06
SES_00957,OP_016,Bin Picking,743,64,3,True,24.95
SES_00958,OP_004,Assembly,959,53,1,True,31.07
SES_00959,OP_009,Tray Loading,2951,73,4,True,23.67
SES_00960,OP_006,Cable Routing,2461,50,1,True,34.68
SES_00961,OP_004,Tray Loading,2842,84,0,True,31.07
SES_00962,OP_014,Cable Routing,2009,236,4,False,32.7
SES_00963,OP_013,Tray Loading,3475,66,3,True,30.37
SES_00964,OP_006,Part Insertion,2957,76,2,True,34.68
SES_00965,OP_001,Cable Routing,1588,149,2,True,32.06
SES_00966,OP_013,Part Insertion,1331,99,3,True,30.37
SES_00967,OP_015,Tray Loading,2203,182,2,True,27.76
SES_00968,OP_002,Bin Picking,3356,180,2,False,27.71
SES_00969,OP_010,Cable Routing,2845,37,1,False,27.86
SES_00970,OP_019,Bin Picking,1024,54,8,True,32.76
SES_00971,OP_016,Part Insertion,954,69,1,False,24.95
SES_00972,OP_002,Tray Loading,1497,247,2,False,27.71
SES_00973,OP_011,Assembly,3578,201,4,True,26.82
SES_00974,OP_008,Assembly,3352,58,5,True,32.22
SES_00975,OP_005,Bin Picking,1694,37,0,True,23.22
SES_00976,OP_002,Cable Routing,3576,20,5,False,27.71
SES_00977,OP_004,Bin Picking,3104,199,2,False,31.07
SES_00978,OP_006,Assembly,2388,36,0,True,34.68
SES_00979,OP_014,Part Insertion,2630,179,2,False,32.7
SES_00980,OP_016,Cable Routing,1681,71,1,True,24.95
SES_00981,OP_012,Tray Loading,2179,50,2,True,34.05
SES_00982,OP_017,Cable Routing,1984,49,7,True,29.21
SES_00983,OP_007,Tray Loading,1744,264,4,False,31.89
SES_00984,OP_020,Part Insertion,3153,76,6,False,30.21
SES_00985,OP_001,Bin Picking,2802,78,0,True,32.06
SES_00986,OP_003,Cable Routing,2475,54,2,True,33.16
SES_00987,OP_011,Bin Picking,2754,27,2,True,26.82
SES_00988,OP_014,Cable Routing,3517,43,2,True,32.7
SES_00989,OP_001,Assembly,3197,33,1,True,32.06
SES_00990,OP_009,Bin Picking,1087,56,1,True,23.67
SES_00991,OP_009,Tray Loading,3592,80,2,True,23.67
SES_00992,OP_013,Cable Routing,3551,133,6,True,30.37
SES_00993,OP_015,Cable Routing,1038,86,4,True,27.76
SES_00994,OP_001,Bin Picking,3129,78,1,False,32.06
SES_00995,OP_016,Assembly,1004,62,7,False,24.95
SES_00996,OP_008,Bin Picking,3077,172,3,False,32.22
SES_00997,OP_016,Tray Loading,947,83,5,True,24.95
SES_00998,OP_020,Assembly,2381,75,7,True,30.21
SES_00999,OP_005,Tray Loading,1775,129,0,True,23.22
SES_01000,OP_005,Tray Loading,1052,199,3,False,23.22
